Keyword;Frequencia
mobile;19
desktop;14
retorno;11
falha;10
debaut;9
erro;9
extrato;7
piloto;7
conta;7
tela;7
gecar12;7
ocorrência;6
pagamento;6
correção;6
consulta;6
publica;6
agendamento;5
chave;5
nsgd;5
convênio;5
st01;5
comprovante;5
sessão;5
campo;5
novo;4
agendamentos;4
gefat;4
simcv;4
transferência;4
retorna;4
ajustar;4
cartão;4
ajuste;4
geração;4
comprovantes;4
valor;4
android;4
2025;4
arquivo;4
habitação;4
está;4
boleto;4
apontamentos;3
pública;3
cliente;3
processamento;3
repasse;3
ausência;3
compromisso;3
contrato;3
